{
  "train_loss": [
    2.1313723850250246,
    1.9246052181720734,
    1.8632078456878662,
    1.8441491305828095,
    1.801581690311432,
    1.7933711457252501,
    1.7801516044139862,
    1.7550534665584565,
    1.7626209652423859,
    1.7259331250190735,
    1.6998320257663726,
    1.7021892356872559,
    1.6876791632175445,
    1.666571731567383,
    1.639798687696457,
    1.647715870141983,
    1.6179843389987945,
    1.5980821776390075,
    1.5582503986358642,
    1.5483811604976654,
    1.4933860099315643,
    1.4604055160284042,
    1.4235321307182311,
    1.4131857341527938,
    1.3944230145215988,
    1.3662476062774658,
    1.3183187085390091,
    1.3133910459280014,
    1.2942024034261703,
    1.289301740527153,
    1.2898694849014283,
    1.2680490499734878,
    1.2704854339361191,
    1.2585501182079315,
    1.2461880648136139,
    1.2467843359708786,
    1.195817722082138,
    1.2214098089933396,
    1.2183744901418685,
    1.1659757775068282,
    1.1812883162498473,
    1.1956057345867157,
    1.1718681985139847,
    1.1570725828409194,
    1.1861570316553116,
    1.1612892532348633,
    1.1221331071853637,
    1.0988405293226242,
    1.1344816303253173,
    1.1142778116464616,
    1.1057053089141846,
    1.0777733844518662,
    1.0790903186798095,
    1.075202898979187,
    1.0903099018335343,
    1.0625194483995437,
    1.1019246315956115,
    1.0608808034658432,
    1.0722604936361313,
    1.0345411616563798,
    1.071856061220169,
    1.0543510282039643,
    1.0302507919073105,
    1.0387806022167205,
    1.0360755705833435,
    1.0333877575397492,
    1.0355586516857147,
    1.0122161191701888,
    1.0382807296514511,
    1.0125863268971442,
    1.0122900754213333,
    0.9871132856607437,
    1.003155518770218,
    0.973959492444992,
    0.9760554420948029,
    0.983765596151352,
    0.9816253912448883,
    0.9618430989980697,
    0.9800011739134789,
    0.9677392590045929,
    0.9746502476930619,
    0.9444484674930572,
    0.944504771232605,
    0.9388571614027024,
    0.9479957938194274,
    0.9819056475162506,
    0.9766181099414826,
    0.9355201733112335,
    0.9621350955963135,
    0.9403857707977294,
    0.9729826465249062,
    0.9503164339065552,
    0.9370207852125167,
    0.9574451696872711,
    0.93372751891613,
    0.948604383468628,
    0.9288276743888855,
    0.944713579416275,
    0.9564747086167336,
    0.9282181224226952
  ],
  "train_acc": [
    22.17350454118384,
    33.16630128405888,
    33.730034450360165,
    34.04321954274977,
    35.51518947698089,
    35.29595991230818,
    35.828374569370496,
    35.60914500469778,
    36.2981522079549,
    38.05198872533667,
    39.085499530222364,
    38.7409959285938,
    39.11681803946132,
    40.65142499217037,
    41.05856561227686,
    41.12120263075477,
    43.00031318509239,
    44.15909802693392,
    46.100845599749455,
    48.48105230191043,
    51.049170059505165,
    52.08268086439085,
    53.053554650798624,
    53.899154400250545,
    55.308487316003756,
    55.65299091763232,
    55.7469464453492,
    57.25023488881929,
    57.50078296273097,
    58.22110867522706,
    58.28374569370498,
    58.69088631381146,
    59.44253053554651,
    59.66176010021923,
    59.63044159098027,
    59.94362668336987,
    60.757907923582835,
    61.2590040714062,
    60.97713748825556,
    62.22987785781397,
    61.728781709990606,
    61.44691512683996,
    61.69746320075164,
    62.13592233009709,
    61.69746320075164,
    63.04415909802693,
    63.012840588787974,
    64.3282179768243,
    63.95239586595678,
    64.61008455997495,
    64.76667710616975,
    65.95678045725023,
    65.39304729094896,
    65.23645474475416,
    65.14249921703727,
    65.86282492953336,
    64.64140306921391,
    64.67272157845287,
    66.64578766050737,
    66.58315064202944,
    65.86282492953336,
    66.23864704040088,
    67.2408393360476,
    66.927654243658,
    67.33479486376449,
    66.89633573441904,
    67.96116504854369,
    67.27215784528657,
    65.95678045725023,
    66.95897275289697,
    68.11775759473849,
    68.46226119636705,
    68.05512057626056,
    69.5270905104917,
    68.4309426871281,
    67.96116504854369,
    68.30566865017225,
    68.99467585342937,
    68.93203883495146,
    69.65236454744755,
    68.36830566865017,
    69.18258690886314,
    70.65455684309427,
    69.8402756028813,
    69.90291262135922,
    68.11775759473849,
    69.08863138114626,
    69.9968681490761,
    69.30786094581897,
    70.90510491700596,
    68.9007203257125,
    69.90291262135922,
    70.27873473222675,
    69.77763858440338,
    70.90510491700596,
    70.34137175070467,
    70.31005324146571,
    69.87159411212026,
    70.05950516755402,
    70.81114938928907
  ],
  "val_loss": [
    1.9495761966705323,
    1.8231298780441285,
    1.8079924201965332,
    1.7300088691711426,
    1.830928840637207,
    1.7381858158111572,
    1.702884678840637,
    1.6843243980407714,
    1.6811699056625367,
    1.9449476432800292,
    1.5903401231765748,
    1.5552853155136108,
    1.5598357009887696,
    1.5650604009628295,
    1.6429345560073854,
    1.5133179426193237,
    1.5614247083663941,
    1.4532704973220825,
    1.3676227998733521,
    1.3510171461105347,
    1.3202641248703002,
    1.2731938099861144,
    1.2241815423965454,
    1.2551959037780762,
    1.2062499570846557,
    1.2193186092376709,
    1.161905014514923,
    1.1196090173721314,
    1.1053963041305541,
    1.1041989850997924,
    1.1037791895866393,
    1.0861783504486084,
    1.095854833126068,
    1.113376476764679,
    1.0526408982276916,
    1.05479877948761,
    1.0228071665763856,
    1.0213292956352233,
    1.037797384262085,
    0.9788325691223144,
    0.9983733248710632,
    1.0369943642616273,
    1.0411183547973633,
    0.959562554359436,
    0.9961401867866516,
    0.9629664540290832,
    0.912692642211914,
    0.9386563754081726,
    0.9213614988327027,
    0.9209375596046447,
    0.9416445660591125,
    0.9343062257766723,
    0.9269452714920043,
    0.976173996925354,
    0.9590509605407714,
    0.9470928072929382,
    0.9083473873138428,
    0.9234005784988404,
    0.9041280031204224,
    0.9125230646133423,
    0.9013704943656922,
    0.88703439950943,
    0.8945041358470917,
    0.8888810324668884,
    0.8558524823188782,
    0.8457541763782501,
    0.8558374953269958,
    0.8505091059207917,
    0.8676100397109985,
    0.8555890989303588,
    0.8192881178855896,
    0.8149488925933838,
    0.8530427432060241,
    0.8381198382377625,
    0.8399248433113098,
    0.7924287295341492,
    0.8225683283805847,
    0.8183200216293335,
    0.8146568763256073,
    0.8012968671321868,
    0.7942886734008789,
    0.7914244627952576,
    0.8067472815513611,
    0.8124831867218018,
    0.7929266965389252,
    0.8117911279201507,
    0.7780467140674591,
    0.7927745759487153,
    0.7747492396831512,
    0.8166918087005616,
    0.7941417813301086,
    0.793115394115448,
    0.8160069191455841,
    0.7880113434791565,
    0.7887621045112609,
    0.7997411751747131,
    0.7871975100040436,
    0.7852482032775879,
    0.8018709659576416,
    0.8154112887382508
  ],