{
  "train_loss": [
    2.136422506570816,
    1.781343458890915,
    1.6407907569408418,
    1.4930071771144866,
    1.3911672532558441,
    1.3184715580940247,
    1.2775583255290985,
    1.22757138133049,
    1.2050112003087998,
    1.1447563952207565,
    1.1031288927793503,
    1.097267793416977,
    1.0820928233861924,
    1.0256601387262345,
    1.0274801778793334,
    1.0140611350536346,
    0.9883644098043441,
    0.9775620436668396,
    0.985553120970726,
    0.9348980039358139,
    0.9371485233306884,
    0.9150689655542373,
    0.8907834020256996,
    0.8670455515384674,
    0.8440902635455132,
    0.8002493587136269,
    0.8064804047346115,
    0.7529976436495781,
    0.8067787835001945,
    0.7651266506314278,
    0.7257330453395844,
    0.714789233803749,
    0.74317637860775,
    0.6998020279407501,
    0.6679802763462067,
    0.6577577468752861,
    0.6427297818660737,
    0.6273100174963474,
    0.6239018458127975,
    0.6083608496189118,
    0.6027104796469211,
    0.6014581495523452,
    0.5529061810672283,
    0.542608735114336,
    0.5471030183136463,
    0.5679329219460487,
    0.5274970296025276,
    0.5339512164890766,
    0.5371394334733486,
    0.5271982656419277,
    0.5233016407489777,
    0.48314108535647393,
    0.4934055304527283,
    0.49381373688578606,
    0.4829672262072563,
    0.4658410243690014,
    0.46703664511442183,
    0.4423869472742081,
    0.43843182787299156,
    0.43815913163125514,
    0.4294069603085518,
    0.43394423052668574,
    0.4290357057005167,
    0.4031511129066348,
    0.4149051297456026,
    0.41536686778068543,
    0.4015674030780792,
    0.41063698545098304,
    0.3941056007891893,
    0.38485451936721804,
    0.38831540375947954,
    0.3727306931465864,
    0.3702463687211275,
    0.3719097998738289,
    0.3644901329278946,
    0.3566412975639105,
    0.3728181582689285,
    0.35761597491800784,
    0.3541162622720003,
    0.349918055087328,
    0.3326137361675501,
    0.3659215408191085,
    0.36161124110221865,
    0.348030743598938,
    0.35566098257899287,
    0.3505660606920719,
    0.3238073769211769,
    0.34045719891786574,
    0.34759521737694743,
    0.3262013830244541,
    0.3289365438371897,
    0.35048745945096016,
    0.32606733255088327,
    0.3119602480530739,
    0.3252122362703085,
    0.33190035857260225,
    0.33501640409231187,
    0.31513332419097423,
    0.33683957695961
  ],
  "train_acc": [
    21.98559348575008,
    36.17287817099906,
    38.55308487316004,
    43.939868462261195,
    49.82774819918572,
    52.9909176323207,
    52.08268086439085,
    52.8343250861259,
    55.4337613529596,
    56.90573128719073,
    58.722204823050426,
    58.972752896962106,
    59.78703413717507,
    61.13373003445036,
    62.010648293141244,
    62.35515189476981,
    64.0150328844347,
    64.64140306921391,
    65.36172878170999,
    67.5540244284372,
    67.74193548387096,
    68.2743501409333,
    68.4309426871281,
    69.65236454744755,
    71.24960851863452,
    72.18916379580332,
    72.2831193235202,
    73.97431882242405,
    73.03476354525525,
    75.10178515502662,
    75.10178515502662,
    76.13529595991231,
    75.44628875665518,
    76.51111807077983,
    77.45067334794864,
    78.98528030065769,
    78.45286564359536,
    79.01659880989665,
    79.6116504854369,
    79.83088005010961,
    79.89351706858754,
    79.58033197619794,
    81.42812402129658,
    81.67867209520827,
    81.92922016911994,
    81.39680551205763,
    82.64954588161604,
    82.61822737237708,
    81.92922016911994,
    82.14844973379267,
    82.58690886313812,
    83.74569370497964,
    84.30942687128093,
    83.9336047604134,
    83.68305668650173,
    84.99843407453805,
    84.77920450986534,
    85.40557469464453,
    85.9066708424679,
    85.93798935170686,
    85.9066708424679,
    86.09458189790166,
    86.37644848105231,
    86.65831506420294,
    86.43908549953022,
    86.72095208268087,
    86.72095208268087,
    87.47259630441592,
    87.44127779517694,
    87.94237394300032,
    87.50391481365487,
    88.192922016912,
    88.60006263701848,
    87.59787034137175,
    87.72314437832759,
    88.3495145631068,
    88.192922016912,
    88.8192922016912,
    88.94456623864704,
    88.94456623864704,
    89.1324772940808,
    87.91105543376135,
    88.56874412777952,
    89.38302536799249,
    88.44347009082368,
    88.8192922016912,
    89.06984027560289,
    89.06984027560289,
    88.8192922016912,
    90.0093955527717,
    89.32038834951456,
    89.25775133103664,
    89.72752896962105,
    90.04071406201065,
    89.63357344190416,
    89.35170685875352,
    89.19511431255872,
    89.9154400250548,
    89.88412151581585
  ],
  "val_loss": [
    1.92897714138031,
    1.547328267097473,
    1.5575913333892821,
    1.3081174564361573,
    1.1873411703109742,
    1.1531662440299988,
    1.0968397760391235,
    1.0043831586837768,
    0.9758706498146057,
    1.0035224318504334,
    0.9423767971992493,
    0.9287733006477356,
    0.888980278968811,
    0.8268116378784179,
    0.8477921390533447,
    0.8352570343017578,
    0.7869521749019622,
    0.8356173467636109,
    0.7543598735332488,
    0.8049044013023376,
    0.7232637405395508,
    0.7686877584457398,
    0.6337199437618256,
    0.6488239824771881,
    0.6332746648788452,
    0.6718329477310181,
    0.5779404604434967,
    0.5592657434940338,
    0.5773438966274261,
    0.5551304626464844,
    0.524518404006958,
    0.5139019525051117,
    0.5112497413158417,
    0.4675421094894409,
    0.4910713493824005,
    0.4782901084423065,
    0.4798695397377014,
    0.4588529872894287,
    0.4471293824911118,
    0.4493865871429443,
    0.46133190393447876,
    0.4194925582408905,
    0.4138782012462616,
    0.38740277469158174,
    0.404442081451416,
    0.3979360100626945,
    0.40078503012657163,
    0.4235150569677353,
    0.38243114709854126,
    0.37970091760158536,
    0.36697771549224856,
    0.34301883161067964,
    0.3581811988353729,
    0.37504841446876525,
    0.3603473848104477,
    0.38554454684257505,
    0.3650958287715912,
    0.33807268798351287,
    0.3425469261407852,
    0.31611966103315353,
    0.344729990363121,
    0.3249139004945755,
    0.32053415894508364,
    0.29567076355218885,
    0.30925456047058103,
    0.3519201961159706,
    0.3305665290355682,
    0.30900577127933504,
    0.32174597144126893,
    0.31413368046283724,
    0.2949454796314239,
    0.295837793648243,
    0.30309798240661623,
    0.2716421538591385,
    0.29300632923841474,
    0.2808374661207199,
    0.30209339171648025,
    0.2919207334518433,
    0.3014118009805679,
    0.272470021545887,
    0.25567204535007476,
    0.2792822727560997,
    0.29069381892681123,
    0.272122505903244,
    0.29331907093524934,
    0.26895635306835175,
    0.29231913417577743,
    0.29292393624782564,
    0.26754542589187624,
    0.29046585470438,
    0.29032487243413924,
    0.29822408616542817,
    0.26891727358102796,
    0.26547405511140826,
    0.2907346683740616,
    0.2897573855519295,
    0.2684065607190132,
    0.27725106179714204,
    0.28461922019720076
  ],